name,last_5%_train_reward,last_5%_test_reward,last_5%_length,last_5%_training_error,max_episodes,start_epsilon,final_epsilon,learning_rate,discount_factor,double_q,results_path
CartPole-v1,25.264,91.0,25.264,81557.63829381077,10000,1,0.1,0.01,0.99,True,results/CartPole-v1-10000-100-10-10000-99-True
CartPole-v1,9.872,9.36,9.872,324605274820.1777,10000,1,0.1,0.01,0.99,False,results/CartPole-v1-10000-100-10-10000-99-False
MountainCar-v0,-188.688,-148.7,188.688,10.163979763363324,10000,1,0.1,0.01,0.99,True,results/MountainCar-v0-10000-100-10-10000-99-True
MountainCar-v0,-196.848,-200.0,196.848,12.607041735893302,10000,1,0.1,0.01,0.99,False,results/MountainCar-v0-10000-100-10-10000-99-False
CartPole-v1,298.262,421.14,298.262,49.91167584407168,10000,1,0.05,0.0001,0.99,True,results/CartPole-v1-10000-100-5-100-99-True
CartPole-v1,169.16,40.08,169.16,2637.944762692422,10000,1,0.05,0.0001,0.99,False,results/CartPole-v1-10000-100-5-100-99-False
MountainCar-v0,-200.0,-200.0,200.0,19.39696587454801,10000,1,0.05,0.0001,0.99,True,results/MountainCar-v0-10000-100-5-100-99-True
MountainCar-v0,-199.674,-200.0,199.674,18.668064149091016,10000,1,0.05,0.0001,0.99,False,results/MountainCar-v0-10000-100-5-100-99-False
CartPole-v1,22.46,9.34,22.46,1.1188234889199373,10000,1,0.01,1e-06,0.99,True,results/CartPole-v1-10000-100-1-1-99-True
CartPole-v1,23.52,9.26,23.52,1.0904291885854136,10000,1,0.01,1e-06,0.99,False,results/CartPole-v1-10000-100-1-1-99-False
MountainCar-v0,-200.0,-200.0,200.0,25.377805840979235,10000,1,0.01,1e-06,0.99,True,results/MountainCar-v0-10000-100-1-1-99-True
MountainCar-v0,-200.0,-200.0,200.0,25.617810334192328,10000,1,0.01,1e-06,0.99,False,results/MountainCar-v0-10000-100-1-1-99-False
